[
  {
    "order_id": "101",
    "user_id": "1",
    "products": [
      {
        "product_id": "1",
        "name": "Laptop",
        "price": 1200.00,
        "description": "Powerful laptop for work and gaming",
        "rating": 4.5
      },
      {
        "product_id": "2",
        "name": "Smartwatch",
        "price": 300.00,
        "description": "Fitness tracker with smart features",
        "rating": 4.2
      }
    ],
    "total_price": 1500.00
  },
  {
    "order_id": "102",
    "user_id": "2",
    "products": [
      {
        "product_id": "3",
        "name": "Smartphone",
        "price": 800.00,
        "description": "Latest smartphone with great features",
        "rating": 4.8
      },
      {
        "product_id": "4",
        "name": "Headphones",
        "price": 100.00,
        "description": "High-quality headphones for immersive audio",
        "rating": 4.0
      }
    ],
    "total_price": 900.00
  }
]