[
  {
    "user_id": "1",
    "username": "rahul",
    "password": "securepass",
    "full_name": "Rahul Kumar",
    "email": "rahul.kumar@yahoo.com",
    "profile_pic": null
  },
  {
    "user_id": "2",
    "username": "neha",
    "password": "neha123",
    "full_name": "Neha Singh",
    "email": "neha.singh@gmail.com",
    "profile_pic": null
  },
  {
    "user_id": "3",
    "username": "mohan",
    "password": "mohan456",
    "full_name": "Mohan Sharma",
    "email": "mohan.sharma@outlook.com",
    "profile_pic": null
  },
  {
    "user_id": "4",
    "username": "priya",
    "password": "priya789",
    "full_name": "Priya Verma",
    "email": "priya.verma@gmail.com",
    "profile_pic": null
  },
  {
    "user_id": "5",
    "username": "vivek",
    "password": "vivekpass",
    "full_name": "Vivek Patel",
    "email": "vivek.patel@yahoo.com",
    "profile_pic": null
  },
  {
    "user_id": "6",
    "username": "ananya",
    "password": "ananya567",
    "full_name": "Ananya Reddy",
    "email": "ananya.reddy@outlook.com",
    "profile_pic": null
  }
]

